prop_handle,enum_value,term_value,description,model_handle,version_string,node_handle
study_type,Adverse Effect Mitigation Study,,A classification of the study based upon the primary intent of the study's,,,
study_type,Ancillary Study,,A classification of the study based upon the primary intent of the study's,,,
study_type,Basic Science Research,,A classification of the study based upon the primary intent of the study's,,,
study_type,Correlative Study,,A classification of the study based upon the primary intent of the study's,,,
study_type,Cure Study,,A classification of the study based upon the primary intent of the study's,,,
study_type,Device Feasibility Study,,A classification of the study based upon the primary intent of the study's,,,
study_type,Diagnosis Study,,A classification of the study based upon the primary intent of the study's,,,
study_type,Disease Modifying Treatment Study,,A classification of the study based upon the primary intent of the study's,,,
study_type,Early Detection Study,,A classification of the study based upon the primary intent of the study's,,,
study_type,Education Training Clinical Study,,A classification of the study based upon the primary intent of the study's,,,
study_type,Epidemiology Research,,A classification of the study based upon the primary intent of the study's,,,
study_type,Genomics Research,,A classification of the study based upon the primary intent of the study's,,,
study_type,Health Services Research,,A classification of the study based upon the primary intent of the study's,,,
study_type,Imaging Research,,A classification of the study based upon the primary intent of the study's,,,
study_type,Interventional,,A classification of the study based upon the primary intent of the study's,,,
study_type,Observational Study,,A classification of the study based upon the primary intent of the study's,,,
study_type,Outcomes Research,,A classification of the study based upon the primary intent of the study's,,,
study_type,Prevention Study,,A classification of the study based upon the primary intent of the study's,,,
study_type,Proteomic Research,,A classification of the study based upon the primary intent of the study's,,,
study_type,Rehabilitation Clinical Study,,A classification of the study based upon the primary intent of the study's,,,
study_type,Screening Study,,A classification of the study based upon the primary intent of the study's,,,
study_type,Supportive Care Study,,A classification of the study based upon the primary intent of the study's,,,
study_type,Transcriptomics Research,,A classification of the study based upon the primary intent of the study's,,,
study_type,Treatment Study,,A classification of the study based upon the primary intent of the study's,,,
study_age_group,https://cadsr.cancer.gov/onedata/Home.jsp,,The identifiable class of the study participant based upon their age.,,,
image_type_included,CT,,"A system of categories for representing a specific manner, characteristic,",,,
image_type_included,DX,,"A system of categories for representing a specific manner, characteristic,",,,
image_type_included,MR,,"A system of categories for representing a specific manner, characteristic,",,,
image_type_included,NM,,"A system of categories for representing a specific manner, characteristic,",,,
image_type_included,PT,,"A system of categories for representing a specific manner, characteristic,",,,
image_type_included,US,,"A system of categories for representing a specific manner, characteristic,",,,
collection_access,Cloud,,The methods by which a user can obtain an image set. Indicator as to whether,,,
collection_access,Download,,The methods by which a user can obtain an image set. Indicator as to whether,,,
collection_access,Unrestricted,,The methods by which a user can obtain an image set. Indicator as to whether,,,
biomarker_results_available,Yes,,An indicator as to whether any biomarker results relating to the,,,
biomarker_results_available,No,,An indicator as to whether any biomarker results relating to the,,,
biomarker_results_available,Unknown,,An indicator as to whether any biomarker results relating to the,,,
radiology_report_available,Yes,,An indicator as to whether any radiology reports results,,,
radiology_report_available,No,,An indicator as to whether any radiology reports results,,,
radiology_report_available,Unknown,,An indicator as to whether any radiology reports results,,,
radiology_images_available,Yes,,An indicator as to whether any radiology images relating,,,
radiology_images_available,No,,An indicator as to whether any radiology images relating,,,
radiology_images_available,Unknown,,An indicator as to whether any radiology images relating,,,
histology_images_available,Yes,,An indicator as to whether any histology images relating,,,
histology_images_available,No,,An indicator as to whether any histology images relating,,,
histology_images_available,Unknown,,An indicator as to whether any histology images relating,,,
race,American Indian or Alaska Native,,The text for reporting information about race based on the Office of Management,,,
race,Asian,,The text for reporting information about race based on the Office of Management,,,
race,Black or African American,,The text for reporting information about race based on the Office of Management,,,
race,Native Hawaiian or other Pacific Islander,,The text for reporting information about race based on the Office of Management,,,
race,White,,The text for reporting information about race based on the Office of Management,,,
race,Not Reported,,The text for reporting information about race based on the Office of Management,,,
race,Unknown,,The text for reporting information about race based on the Office of Management,,,
ethnicity,Hispanic or Latino,,The text for reporting information about ethnicity based on the Office,,,
ethnicity,Not Hispanic or Latino,,The text for reporting information about ethnicity based on the Office,,,
ethnicity,Not reported,,The text for reporting information about ethnicity based on the Office,,,
ethnicity,Unknown,,The text for reporting information about ethnicity based on the Office,,,
sex,Female,,A textual description of a person's sex at birth. CDE ID = 7572817,,,
sex,Intersex,,A textual description of a person's sex at birth. CDE ID = 7572817,,,
sex,Male,,A textual description of a person's sex at birth. CDE ID = 7572817,,,
sex,Unknown,,A textual description of a person's sex at birth. CDE ID = 7572817,,,
highest_level_of_education,No formal education,,An indication as to the highest level of education attained by,,,
highest_level_of_education,Grade school,,An indication as to the highest level of education attained by,,,
highest_level_of_education,Not high school graduate,,An indication as to the highest level of education attained by,,,
highest_level_of_education,High school graduate (including equivalency),,An indication as to the highest level of education attained by,,,
highest_level_of_education,Some college or Associate degree,,An indication as to the highest level of education attained by,,,
highest_level_of_education,Bachelor's degree,,An indication as to the highest level of education attained by,,,
highest_level_of_education,Master's degree,,An indication as to the highest level of education attained by,,,
highest_level_of_education,Doctoral or professional degree,,An indication as to the highest level of education attained by,,,
highest_level_of_education,Declined to answer,,An indication as to the highest level of education attained by,,,
highest_level_of_education,NA,,An indication as to the highest level of education attained by,,,
environmental_exposure_type,Asbestos Exposure,,"The category related to contact with chemical, biological, or physical",,,
environmental_exposure_type,Chemical Exposure,,"The category related to contact with chemical, biological, or physical",,,
environmental_exposure_type,Marijuana Smoke Exposure,,"The category related to contact with chemical, biological, or physical",,,
environmental_exposure_type,Radiation Exposure,,"The category related to contact with chemical, biological, or physical",,,
environmental_exposure_type,Radon Exposure,,"The category related to contact with chemical, biological, or physical",,,
environmental_exposure_type,Respirable Crystalline Silica Exposure,,"The category related to contact with chemical, biological, or physical",,,
environmental_exposure_type,Smoke Exposure,,"The category related to contact with chemical, biological, or physical",,,
environmental_exposure_type,Smokeless Tobacco Exposure,,"The category related to contact with chemical, biological, or physical",,,
environmental_exposure_type,Tobacco Related Exposure,,"The category related to contact with chemical, biological, or physical",,,
environmental_exposure_type,Wood Dust Exposure,,"The category related to contact with chemical, biological, or physical",,,
carcinogen_exposure,Yes,,An indication of whether the participant was exposed to environmental/workplace,,,
carcinogen_exposure,No,,An indication of whether the participant was exposed to environmental/workplace,,,
carcinogen_exposure,Unknown,,An indication of whether the participant was exposed to environmental/workplace,,,
carcinogen_exposure,NA,,An indication of whether the participant was exposed to environmental/workplace,,,
diagnosis_classification_system,NCI Thesaurus,,The standard or agency upon which the specific term used as the diagnosis value was obtained.,,,
diagnosis_classification_system,MedDRA,,The standard or agency upon which the specific term used as the diagnosis value was obtained.,,,
diagnosis_classification_system,ICD-O-3,,The standard or agency upon which the specific term used as the diagnosis value was obtained.,,,
diagnosis_classification_system,ICD-10-CM,,The standard or agency upon which the specific term used as the diagnosis value was obtained.,,,
primary_diagnosis_disease_group,"Colorectal cancer, NOS",,A term describing the main condition for evaluation and treatment as captured,,,
primary_diagnosis_disease_group,"Acute myeloid leukemia, NOS",,A term describing the main condition for evaluation and treatment as captured,,,
primary_diagnosis_disease_group,Adenocarcinoma of the gastroesophageal junction,,A term describing the main condition for evaluation and treatment as captured,,,
primary_diagnosis_disease_group,Melanoma,,A term describing the main condition for evaluation and treatment as captured,,,
primary_diagnosis_disease_group,"Myeloma, NOS",,A term describing the main condition for evaluation and treatment as captured,,,
primary_diagnosis_disease_group,"Non-small cell lung cancer, NOS",,A term describing the main condition for evaluation and treatment as captured,,,
primary_diagnosis_disease_group,"Prostate cancer, NOS",,A term describing the main condition for evaluation and treatment as captured,,,
primary_diagnosis_disease_group,Small cell lung cancer,,A term describing the main condition for evaluation and treatment as captured,,,
primary_diagnosis_disease_group,Invasive breast carcinoma,,A term describing the main condition for evaluation and treatment as captured,,,
primary_diagnosis_disease_group,Fallopian tube carcinoma,,A term describing the main condition for evaluation and treatment as captured,,,
primary_diagnosis_disease_group,"Gastric cancer, NOS",,A term describing the main condition for evaluation and treatment as captured,,,
primary_diagnosis_disease_group,Primary peritoneal carcinoma,,A term describing the main condition for evaluation and treatment as captured,,,
primary_diagnosis_disease_group,"Esophageal cancer, NOS",,A term describing the main condition for evaluation and treatment as captured,,,
primary_diagnosis_disease_group,Ovarian epithelial cancer,,A term describing the main condition for evaluation and treatment as captured,,,
ctep_disease_term,Acute Myeloid Leukemia Not Otherwise Specified,,The coded response indicating the MedDRA code Version 10 used in the NCI Simplified Disease Classification (SDC) Terminology for diagnoses. <br> CDE ID 4723846,,,
ctep_disease_term,Adenocarcinoma of the Gastroesophageal Junction,,The coded response indicating the MedDRA code Version 10 used in the NCI Simplified Disease Classification (SDC) Terminology for diagnoses. <br> CDE ID 4723846,,,
ctep_disease_term,Colorectal Carcinoma,,The coded response indicating the MedDRA code Version 10 used in the NCI Simplified Disease Classification (SDC) Terminology for diagnoses. <br> CDE ID 4723846,,,
ctep_disease_term,Gastric Carcinoma,,The coded response indicating the MedDRA code Version 10 used in the NCI Simplified Disease Classification (SDC) Terminology for diagnoses. <br> CDE ID 4723846,,,
ctep_disease_term,Invasive Breast Carcinoma,,The coded response indicating the MedDRA code Version 10 used in the NCI Simplified Disease Classification (SDC) Terminology for diagnoses. <br> CDE ID 4723846,,,
ctep_disease_term,Melanoma,,The coded response indicating the MedDRA code Version 10 used in the NCI Simplified Disease Classification (SDC) Terminology for diagnoses. <br> CDE ID 4723846,,,
ctep_disease_term,Non-Small Cell Lung Carcinoma,,The coded response indicating the MedDRA code Version 10 used in the NCI Simplified Disease Classification (SDC) Terminology for diagnoses. <br> CDE ID 4723846,,,
ctep_disease_term,Ovarian Carcinoma,,The coded response indicating the MedDRA code Version 10 used in the NCI Simplified Disease Classification (SDC) Terminology for diagnoses. <br> CDE ID 4723846,,,
ctep_disease_term,Plasma Cell Myeloma,,The coded response indicating the MedDRA code Version 10 used in the NCI Simplified Disease Classification (SDC) Terminology for diagnoses. <br> CDE ID 4723846,,,
ctep_disease_term,Prostate Carcinoma,,The coded response indicating the MedDRA code Version 10 used in the NCI Simplified Disease Classification (SDC) Terminology for diagnoses. <br> CDE ID 4723846,,,
ctep_disease_term,Small Cell Lung Carcinoma,,The coded response indicating the MedDRA code Version 10 used in the NCI Simplified Disease Classification (SDC) Terminology for diagnoses. <br> CDE ID 4723846,,,
ctep_disease_term,Esophageal Carcinoma,,The coded response indicating the MedDRA code Version 10 used in the NCI Simplified Disease Classification (SDC) Terminology for diagnoses. <br> CDE ID 4723846,,,
ctep_disease_term,Fallopian Tube Carcinoma,,The coded response indicating the MedDRA code Version 10 used in the NCI Simplified Disease Classification (SDC) Terminology for diagnoses. <br> CDE ID 4723846,,,
meddra_disease_code,10000884,,The MedDRA code describing a medical condition and/or anatomic location.,,,
meddra_disease_code,10066354,,The MedDRA code describing a medical condition and/or anatomic location.,,,
meddra_disease_code,10010029,,The MedDRA code describing a medical condition and/or anatomic location.,,,
meddra_disease_code,10006190,,The MedDRA code describing a medical condition and/or anatomic location.,,,
meddra_disease_code,10053571,,The MedDRA code describing a medical condition and/or anatomic location.,,,
meddra_disease_code,10029514,,The MedDRA code describing a medical condition and/or anatomic location.,,,
meddra_disease_code,10033159,,The MedDRA code describing a medical condition and/or anatomic location.,,,
meddra_disease_code,10028566,,The MedDRA code describing a medical condition and/or anatomic location.,,,
meddra_disease_code,10036910,,The MedDRA code describing a medical condition and/or anatomic location.,,,
meddra_disease_code,10041071,,The MedDRA code describing a medical condition and/or anatomic location.,,,
meddra_disease_code,10017760,,The MedDRA code describing a medical condition and/or anatomic location.,,,
meddra_disease_code,10030157,,The MedDRA code describing a medical condition and/or anatomic location.,,,
meddra_disease_code,10016180,,The MedDRA code describing a medical condition and/or anatomic location.,,,
snomed_disease_term,Acute Myeloid Leukemia,,Description pending,,,
snomed_disease_term,Acute Myeloid Leukemia with Myelodysplasia-Related Changes,,Description pending,,,
snomed_disease_term,Acute Myeloid Leukemia Arising from Previous Myelodysplastic Syndrome,,Description pending,,,
snomed_disease_term,Adenocarcinoma,,Description pending,,,
snomed_disease_term,Amelanotic Melanoma,,Description pending,,,
snomed_disease_term,Breast Carcinoma,,Description pending,,,
snomed_disease_term,Colon Adenoma,,Description pending,,,
snomed_disease_term,Colon Carcinoma,,Description pending,,,
snomed_disease_term,Colorectal Adenocarcinoma,,Description pending,,,
snomed_disease_term,Cutaneous Melanoma,,Description pending,,,
snomed_disease_term,Epithelioid Cell Melanoma,,Description pending,,,
snomed_disease_term,Esophageal Adenocarcinoma,,Description pending,,,
snomed_disease_term,Esophageal Carcinoma,,Description pending,,,
snomed_disease_term,Fallopian Tube Carcinoma,,Description pending,,,
snomed_disease_term,Gastric Adenocarcinoma,,Description pending,,,
snomed_disease_term,"Invasive Ductal Carcinoma, Not Otherwise Specified",,Description pending,,,
snomed_disease_term,Invasive Lobular Breast Carcinoma,,Description pending,,,
snomed_disease_term,Lung Carcinoma,,Description pending,,,
snomed_disease_term,Lung Papillary Adenoma,,Description pending,,,
snomed_disease_term,Lung Adenocarcinoma,,Description pending,,,
snomed_disease_term,Malignant neoplasm of ovary,,Description pending,,,
snomed_disease_term,Melanoma,,Description pending,,,
snomed_disease_term,Mucinous Adenocarcinoma,,Description pending,,,
snomed_disease_term,Multiple myeloma,,Description pending,,,
snomed_disease_term,Multiple myeloma and immunoproliferative disease,,Description pending,,,
snomed_disease_term,Neuroendocrine Carcinoma,,Description pending,,,
snomed_disease_term,Nodular Melanoma,,Description pending,,,
snomed_disease_term,Non-Small Cell Lung Carcinoma,,Description pending,,,
snomed_disease_term,Ovarian Carcinoma,,Description pending,,,
snomed_disease_term,Plasma Cell Leukemia,,Description pending,,,
snomed_disease_term,Plasma Cell Myeloma,,Description pending,,,
snomed_disease_term,Prostate Adenocarcinoma,,Description pending,,,
snomed_disease_term,Prostate Carcinoma,,Description pending,,,
snomed_disease_term,Rectal Adenoma,,Description pending,,,
snomed_disease_term,Rectal Carcinoma,,Description pending,,,
snomed_disease_term,Small Cell Carcinoma,,Description pending,,,
snomed_disease_term,Small Cell Lung Carcinoma,,Description pending,,,
snomed_disease_term,Squamous Cell Carcinoma,,Description pending,,,
snomed_disease_term,Squamous Cell Lung Carcinoma,,Description pending,,,
snomed_disease_term,Superficial Spreading Melanoma,,Description pending,,,
snomed_disease_term,Triple-Negative Breast Carcinoma,,Description pending,,,
snomed_disease_term,Anal Carcinoma,,Description pending,,,
snomed_disease_term,Invasive Ductal Carcinoma,,Description pending,,,
snomed_disease_term,Mixed Lobular and Ductal Breast Carcinoma,,Description pending,,,
snomed_disease_term,Female Breast Carcinoma,,Description pending,,,
snomed_disease_code,17788007,,A 9-digit numerical code for the primary disease with which the participant,,,
snomed_disease_code,445448008,,A 9-digit numerical code for the primary disease with which the participant,,,
snomed_disease_code,128827005,,A 9-digit numerical code for the primary disease with which the participant,,,
snomed_disease_code,35917007,,A 9-digit numerical code for the primary disease with which the participant,,,
snomed_disease_code,443961001,,A 9-digit numerical code for the primary disease with which the participant,,,
snomed_disease_code,70594002,,A 9-digit numerical code for the primary disease with which the participant,,,
snomed_disease_code,254838004,,A 9-digit numerical code for the primary disease with which the participant,,,
snomed_disease_code,428054006,,A 9-digit numerical code for the primary disease with which the participant,,,
snomed_disease_code,269533000,,A 9-digit numerical code for the primary disease with which the participant,,,
snomed_disease_code,408645001,,A 9-digit numerical code for the primary disease with which the participant,,,
snomed_disease_code,93655004,,A 9-digit numerical code for the primary disease with which the participant,,,
snomed_disease_code,37138001,,A 9-digit numerical code for the primary disease with which the participant,,,
snomed_disease_code,276803003,,A 9-digit numerical code for the primary disease with which the participant,,,
snomed_disease_code,372138000,,A 9-digit numerical code for the primary disease with which the participant,,,
snomed_disease_code,276870001,,A 9-digit numerical code for the primary disease with which the participant,,,
snomed_disease_code,408647009,,A 9-digit numerical code for the primary disease with which the participant,,,
snomed_disease_code,408643008,,A 9-digit numerical code for the primary disease with which the participant,,,
snomed_disease_code,89740008,,A 9-digit numerical code for the primary disease with which the participant,,,
snomed_disease_code,254626006,,A 9-digit numerical code for the primary disease with which the participant,,,
snomed_disease_code,448993007,,A 9-digit numerical code for the primary disease with which the participant,,,
snomed_disease_code,24482001,,A 9-digit numerical code for the primary disease with which the participant,,,
snomed_disease_code,254849005,,A 9-digit numerical code for the primary disease with which the participant,,,
snomed_disease_code,2092003,,A 9-digit numerical code for the primary disease with which the participant,,,
snomed_disease_code,372244006,,A 9-digit numerical code for the primary disease with which the participant,,,
snomed_disease_code,72495009,,A 9-digit numerical code for the primary disease with which the participant,,,
snomed_disease_code,55921005a,,A 9-digit numerical code for the primary disease with which the participant,,,
snomed_disease_code,55921005,,A 9-digit numerical code for the primary disease with which the participant,,,
snomed_disease_code,188717001,,A 9-digit numerical code for the primary disease with which the participant,,,
snomed_disease_code,253000007,,A 9-digit numerical code for the primary disease with which the participant,,,
snomed_disease_code,2142002,,A 9-digit numerical code for the primary disease with which the participant,,,
snomed_disease_code,254731001,,A 9-digit numerical code for the primary disease with which the participant,,,
snomed_disease_code,254637007,,A 9-digit numerical code for the primary disease with which the participant,,,
snomed_disease_code,128922003,,A 9-digit numerical code for the primary disease with which the participant,,,
snomed_disease_code,109989006,,A 9-digit numerical code for the primary disease with which the participant,,,
snomed_disease_code,55921005b,,A 9-digit numerical code for the primary disease with which the participant,,,
snomed_disease_code,399490008,,A 9-digit numerical code for the primary disease with which the participant,,,
snomed_disease_code,254900004,,A 9-digit numerical code for the primary disease with which the participant,,,
snomed_disease_code,399068003,,A 9-digit numerical code for the primary disease with which the participant,,,
snomed_disease_code,399730005,,A 9-digit numerical code for the primary disease with which the participant,,,
snomed_disease_code,254582000,,A 9-digit numerical code for the primary disease with which the participant,,,
snomed_disease_code,74364000,,A 9-digit numerical code for the primary disease with which the participant,,,
snomed_disease_code,254632001,,A 9-digit numerical code for the primary disease with which the participant,,,
snomed_disease_code,254633006,,A 9-digit numerical code for the primary disease with which the participant,,,
snomed_disease_code,28899001,,A 9-digit numerical code for the primary disease with which the participant,,,
snomed_disease_code,402815007,,A 9-digit numerical code for the primary disease with which the participant,,,
snomed_disease_code,254634000,,A 9-digit numerical code for the primary disease with which the participant,,,
snomed_disease_code,254730000,,A 9-digit numerical code for the primary disease with which the participant,,,
snomed_disease_code,706970001,,A 9-digit numerical code for the primary disease with which the participant,,,
snomed_disease_code,255084004,,A 9-digit numerical code for the primary disease with which the participant,,,
snomed_disease_code,444604002,,A 9-digit numerical code for the primary disease with which the participant,,,
snomed_disease_code,447782002,,A 9-digit numerical code for the primary disease with which the participant,,,
stage_of_disease,Stage III,,"Stage group determined from clinical information on the tumor (T), regional",,,
stage_of_disease,Stage IIIA,,"Stage group determined from clinical information on the tumor (T), regional",,,
stage_of_disease,Stage IIIB,,"Stage group determined from clinical information on the tumor (T), regional",,,
stage_of_disease,Stage IIIC,,"Stage group determined from clinical information on the tumor (T), regional",,,
stage_of_disease,Stage IV,,"Stage group determined from clinical information on the tumor (T), regional",,,
stage_of_disease,Stage IVA,,"Stage group determined from clinical information on the tumor (T), regional",,,
stage_of_disease,Stage IVB,,"Stage group determined from clinical information on the tumor (T), regional",,,
stage_of_disease,Stage IVC,,"Stage group determined from clinical information on the tumor (T), regional",,,
stage_of_disease,NA,,"Stage group determined from clinical information on the tumor (T), regional",,,
tumor_grade,Grade cannot be assessed,,A text term to express the degree of abnormality of cancer cells as a measure,,,
tumor_grade,Borderline malignancy,,A text term to express the degree of abnormality of cancer cells as a measure,,,
tumor_grade,Well Differentiated,,A text term to express the degree of abnormality of cancer cells as a measure,,,
tumor_grade,Moderately Differentiated,,A text term to express the degree of abnormality of cancer cells as a measure,,,
tumor_grade,Poorly Differentiated,,A text term to express the degree of abnormality of cancer cells as a measure,,,
tumor_grade,Undifferentiated grade,,A text term to express the degree of abnormality of cancer cells as a measure,,,
best_response_to_targeted_therapy,Complete Response,,The result of an evaluation to determine the most clinically favorable response to treatment.. <br>CDE ID = 15179918,,,
best_response_to_targeted_therapy,Partial Response,,The result of an evaluation to determine the most clinically favorable response to treatment.. <br>CDE ID = 15179918,,,
best_response_to_targeted_therapy,Less than partial response,,The result of an evaluation to determine the most clinically favorable response to treatment.. <br>CDE ID = 15179918,,,
best_response_to_targeted_therapy,Stable Disease,,The result of an evaluation to determine the most clinically favorable response to treatment.. <br>CDE ID = 15179918,,,
best_response_to_targeted_therapy,Progressive Disease,,The result of an evaluation to determine the most clinically favorable response to treatment.. <br>CDE ID = 15179918,,,
best_response_to_targeted_therapy,Not Assessed,,The result of an evaluation to determine the most clinically favorable response to treatment.. <br>CDE ID = 15179918,,,
best_response_to_targeted_therapy,Too Early,,The result of an evaluation to determine the most clinically favorable response to treatment.. <br>CDE ID = 15179918,,,
best_response_to_targeted_therapy,Not Evaluable,,The result of an evaluation to determine the most clinically favorable response to treatment.. <br>CDE ID = 15179918,,,
best_response_to_targeted_therapy,Unknown,,The result of an evaluation to determine the most clinically favorable response to treatment.. <br>CDE ID = 15179918,,,
best_response_to_non_targeted_therapy,Complete Response,,The result of an evaluation to determine the most clinically favorable response to treatment. <br>CDE ID = 15179918,,,
best_response_to_non_targeted_therapy,Partial Response,,The result of an evaluation to determine the most clinically favorable response to treatment. <br>CDE ID = 15179918,,,
best_response_to_non_targeted_therapy,Less than partial response,,The result of an evaluation to determine the most clinically favorable response to treatment. <br>CDE ID = 15179918,,,
best_response_to_non_targeted_therapy,Stable Disease,,The result of an evaluation to determine the most clinically favorable response to treatment. <br>CDE ID = 15179918,,,
best_response_to_non_targeted_therapy,Progressive Disease,,The result of an evaluation to determine the most clinically favorable response to treatment. <br>CDE ID = 15179918,,,
best_response_to_non_targeted_therapy,Not Assessed,,The result of an evaluation to determine the most clinically favorable response to treatment. <br>CDE ID = 15179918,,,
best_response_to_non_targeted_therapy,Too Early,,The result of an evaluation to determine the most clinically favorable response to treatment. <br>CDE ID = 15179918,,,
best_response_to_non_targeted_therapy,Not Evaluable,,The result of an evaluation to determine the most clinically favorable response to treatment. <br>CDE ID = 15179918,,,
best_response_to_non_targeted_therapy,Unknown,,The result of an evaluation to determine the most clinically favorable response to treatment. <br>CDE ID = 15179918,,,
surgical_procedure_therapeutic,Yes,,A response which indicates whether the administration of a therapeutic,,,
surgical_procedure_therapeutic,No,,A response which indicates whether the administration of a therapeutic,,,
best_response_to_radiotherapy,Complete Response,,The result of an evaluation to determine the most clinically favorable response to treatment.  <br>CDE ID = 15179918,,,
best_response_to_radiotherapy,Partial Response,,The result of an evaluation to determine the most clinically favorable response to treatment.  <br>CDE ID = 15179918,,,
best_response_to_radiotherapy,Less than partial response,,The result of an evaluation to determine the most clinically favorable response to treatment.  <br>CDE ID = 15179918,,,
best_response_to_radiotherapy,Stable Disease,,The result of an evaluation to determine the most clinically favorable response to treatment.  <br>CDE ID = 15179918,,,
best_response_to_radiotherapy,Progressive Disease,,The result of an evaluation to determine the most clinically favorable response to treatment.  <br>CDE ID = 15179918,,,
best_response_to_radiotherapy,Not Assessed,,The result of an evaluation to determine the most clinically favorable response to treatment.  <br>CDE ID = 15179918,,,
best_response_to_radiotherapy,Too Early,,The result of an evaluation to determine the most clinically favorable response to treatment.  <br>CDE ID = 15179918,,,
best_response_to_radiotherapy,Not Evaluable,,The result of an evaluation to determine the most clinically favorable response to treatment.  <br>CDE ID = 15179918,,,
best_response_to_radiotherapy,Unknown,,The result of an evaluation to determine the most clinically favorable response to treatment.  <br>CDE ID = 15179918,,,
survival_status,ALIVE,,The participant's survival state as being living or deceased. <br>CDE,,,
survival_status,DEAD,,The participant's survival state as being living or deceased. <br>CDE,,,
survival_status,UNKNOWN,,The participant's survival state as being living or deceased. <br>CDE,,,
survival_status,Alive with Disease,,The participant's survival state as being living or deceased. <br>CDE,,,
survival_status,Alive with No Evidence of Disease,,The participant's survival state as being living or deceased. <br>CDE,,,
survival_status,"Alive, Disease Status Unknown",,The participant's survival state as being living or deceased. <br>CDE,,,
survival_status,Dead,,The participant's survival state as being living or deceased. <br>CDE,,,
off_study,Yes,,A response that indicates whether or not an individual is receiving protocol,,,
off_study,No,,A response that indicates whether or not an individual is receiving protocol,,,
off_study,Unknown,,A response that indicates whether or not an individual is receiving protocol,,,
off_study_reason,ADVERSE EVENT,,An explanation describing why an individual is no longer receiving protocol,,,
off_study_reason,APPROVED DRUG AVAILABLE FOR INDICATION,,An explanation describing why an individual is no longer receiving protocol,,,
off_study_reason,COMPLETED,,An explanation describing why an individual is no longer receiving protocol,,,
off_study_reason,DEATH,,An explanation describing why an individual is no longer receiving protocol,,,
off_study_reason,DISEASE RELAPSE,,An explanation describing why an individual is no longer receiving protocol,,,
off_study_reason,FAILURE TO MEET CONTINUATION CRITERIA,,An explanation describing why an individual is no longer receiving protocol,,,
off_study_reason,FAILURE TO MEET RANDOMIZATION CRITERIA,,An explanation describing why an individual is no longer receiving protocol,,,
off_study_reason,LACK OF EFFICACY,,An explanation describing why an individual is no longer receiving protocol,,,
off_study_reason,LOGISTICAL PROBLEM,,An explanation describing why an individual is no longer receiving protocol,,,
off_study_reason,LOST TO FOLLOW-UP,,An explanation describing why an individual is no longer receiving protocol,,,
off_study_reason,MET ELIGIBILITY CRITERIA BUT NOT NEEDED,,An explanation describing why an individual is no longer receiving protocol,,,
off_study_reason,NEVER DOSED,,An explanation describing why an individual is no longer receiving protocol,,,
off_study_reason,NO LONGER CLINICALLY BENEFITING,,An explanation describing why an individual is no longer receiving protocol,,,
off_study_reason,NON-COMPLIANCE WITH NON-STUDY DEVICE,,An explanation describing why an individual is no longer receiving protocol,,,
off_study_reason,NON-COMPLIANCE WITH STUDY DEVICE,,An explanation describing why an individual is no longer receiving protocol,,,
off_study_reason,NON-COMPLIANCE WITH STUDY DRUG,,An explanation describing why an individual is no longer receiving protocol,,,
off_study_reason,NON-COMPLIANCE WITH STUDY SCHEDULE,,An explanation describing why an individual is no longer receiving protocol,,,
off_study_reason,OTHER,,An explanation describing why an individual is no longer receiving protocol,,,
off_study_reason,PARTNER PREGNANCY,,An explanation describing why an individual is no longer receiving protocol,,,
off_study_reason,PHYSICIAN DECISION,,An explanation describing why an individual is no longer receiving protocol,,,
off_study_reason,PREGNANCY,,An explanation describing why an individual is no longer receiving protocol,,,
off_study_reason,PROGRESSIVE DISEASE,,An explanation describing why an individual is no longer receiving protocol,,,
off_study_reason,PROTOCOL DEVIATION,,An explanation describing why an individual is no longer receiving protocol,,,
off_study_reason,PROTOCOL VIOLATION,,An explanation describing why an individual is no longer receiving protocol,,,
off_study_reason,PROTOCOL-SPECIFIED WITHDRAWAL CRITERION MET,,An explanation describing why an individual is no longer receiving protocol,,,
off_study_reason,RANDOMIZED BY MISTAKE,,An explanation describing why an individual is no longer receiving protocol,,,
off_study_reason,RANDOMIZED BY MISTAKE WITH STUDY TREATMENT,,An explanation describing why an individual is no longer receiving protocol,,,
off_study_reason,RANDOMIZED BY MISTAKE WITHOUT STUDY TREATMENT,,An explanation describing why an individual is no longer receiving protocol,,,
off_study_reason,RECOVERY,,An explanation describing why an individual is no longer receiving protocol,,,
off_study_reason,REQUIRES PROHIBITED MEDICATION,,An explanation describing why an individual is no longer receiving protocol,,,
off_study_reason,SCREEN FAILURE,,An explanation describing why an individual is no longer receiving protocol,,,
off_study_reason,SCREENING NOT COMPLETED,,An explanation describing why an individual is no longer receiving protocol,,,
off_study_reason,SITE TERMINATED BY SPONSOR,,An explanation describing why an individual is no longer receiving protocol,,,
off_study_reason,SPONSOR REQUEST,,An explanation describing why an individual is no longer receiving protocol,,,
off_study_reason,STUDY TERMINATED BY SPONSOR,,An explanation describing why an individual is no longer receiving protocol,,,
off_study_reason,TECHNICAL PROBLEMS,,An explanation describing why an individual is no longer receiving protocol,,,
off_study_reason,WITHDRAWAL BY PARENT/GUARDIAN,,An explanation describing why an individual is no longer receiving protocol,,,
off_study_reason,WITHDRAWAL BY SUBJECT,,An explanation describing why an individual is no longer receiving protocol,,,
off_study_reason,WITHDRAWAL OF ASSENT,,An explanation describing why an individual is no longer receiving protocol,,,
off_study_reason,WITHDRAWAL OF CONSENT,,An explanation describing why an individual is no longer receiving protocol,,,
specimen_type,Bone Marrow Aspirate,,The kind of material that forms the parent sample as captured in the Ontology,,,
specimen_type,Cell Block,,The kind of material that forms the parent sample as captured in the Ontology,,,
specimen_type,EDTA Blood,,The kind of material that forms the parent sample as captured in the Ontology,,,
specimen_type,FFPE Block,,The kind of material that forms the parent sample as captured in the Ontology,,,
specimen_type,Formalin Bone Marrow Biopsy,,The kind of material that forms the parent sample as captured in the Ontology,,,
specimen_type,Formalin Fixed Tissue,,The kind of material that forms the parent sample as captured in the Ontology,,,
specimen_type,FORMALIN FIXED TISSUE,,The kind of material that forms the parent sample as captured in the Ontology,,,
specimen_type,Snap Frozen Tissue,,The kind of material that forms the parent sample as captured in the Ontology,,,
specimen_type,Stained Bone Marrow Aspirate Slide,,The kind of material that forms the parent sample as captured in the Ontology,,,
specimen_type,Streck Blood,,The kind of material that forms the parent sample as captured in the Ontology,,,
specimen_type,Streck Blood to VARI,,The kind of material that forms the parent sample as captured in the Ontology,,,
specimen_type,Unstained Bone Marrow Aspirate Slide,,The kind of material that forms the parent sample as captured in the Ontology,,,
specimen_type,Unstained Slide,,The kind of material that forms the parent sample as captured in the Ontology,,,
specimen_type,Fresh Tissue in Media to PDMR,,The kind of material that forms the parent sample as captured in the Ontology,,,
specimen_type,Streck Blood to PDMR,,The kind of material that forms the parent sample as captured in the Ontology,,,
specimen_category,BLOOD,,The biospecimen grouping that describes the kind of material that forms,,,
specimen_category,Blood,,The biospecimen grouping that describes the kind of material that forms,,,
specimen_category,BONE MARROW,,The biospecimen grouping that describes the kind of material that forms,,,
specimen_category,Bone Marrow,,The biospecimen grouping that describes the kind of material that forms,,,
specimen_category,BUCCAL CELL SAMPLE,,The biospecimen grouping that describes the kind of material that forms,,,
specimen_category,CEREBROSPINAL FLUID,,The biospecimen grouping that describes the kind of material that forms,,,
specimen_category,FORMALIN FIXED PARAFFIN EMBEDDED TISSUE,,The biospecimen grouping that describes the kind of material that forms,,,
specimen_category,Formalin Fixed Paraffin Embedded Tissue,,The biospecimen grouping that describes the kind of material that forms,,,
specimen_category,FORMALIN FIXED TISSUE,,The biospecimen grouping that describes the kind of material that forms,,,
specimen_category,Formalin Fixed Tissue,,The biospecimen grouping that describes the kind of material that forms,,,
specimen_category,FRESH TISSUE,,The biospecimen grouping that describes the kind of material that forms,,,
specimen_category,Fresh Tissue,,The biospecimen grouping that describes the kind of material that forms,,,
specimen_category,FROZEN TISSUE,,The biospecimen grouping that describes the kind of material that forms,,,
specimen_category,Frozen Tissue,,The biospecimen grouping that describes the kind of material that forms,,,
specimen_category,OTHER BODILY FLUIDs,,The biospecimen grouping that describes the kind of material that forms,,,
specimen_category,SALIVA,,The biospecimen grouping that describes the kind of material that forms,,,
specimen_category,STOOL,,The biospecimen grouping that describes the kind of material that forms,,,
specimen_category,URINE,,The biospecimen grouping that describes the kind of material that forms,,,
tissue_category,Metastatic,,A text term based on categorization of cytologic atypia found in cellular,,,
tissue_category,Normal,,A text term based on categorization of cytologic atypia found in cellular,,,
tissue_category,Primary,,A text term based on categorization of cytologic atypia found in cellular,,,
tissue_category,Adjacent Non-Tumor,,A text term based on categorization of cytologic atypia found in cellular,,,
assessment_timepoint,ARCHIVAL,,"A specific point in the time continuum, including those established relative",,,
assessment_timepoint,BASELINE,,"A specific point in the time continuum, including those established relative",,,
assessment_timepoint,ON TREATMENT,,"A specific point in the time continuum, including those established relative",,,
assessment_timepoint,PROGRESSION,,"A specific point in the time continuum, including those established relative",,,
assessment_timepoint,Baseline (Fresh),,"A specific point in the time continuum, including those established relative",,,
assessment_timepoint,On Treatment (Fresh),,"A specific point in the time continuum, including those established relative",,,
assessment_timepoint,Archival,,"A specific point in the time continuum, including those established relative",,,
assessment_timepoint,Progression (Fresh),,"A specific point in the time continuum, including those established relative",,,
assessment_timepoint,Post-Treatment (No progression),,"A specific point in the time continuum, including those established relative",,,
quality_of_specimen,https://cadsr.cancer.gov/onedata/Home.jsp,,The final state of a sample which is based on an evaluation of its quality.,,,
assay_type,Next Generation Sequencing,,The type of assay performed on the biospecimen.,,,
assay_type,Immune,,The type of assay performed on the biospecimen.,,,
assay_type,Cell Based,,The type of assay performed on the biospecimen.,,,
assay_subtype,atacseq,,The subtype of assay performed on the biospecimen.,,,
assay_subtype,rnaseq,,The subtype of assay performed on the biospecimen.,,,
assay_subtype,scrnaseq,,The subtype of assay performed on the biospecimen.,,,
assay_subtype,visium,,The subtype of assay performed on the biospecimen.,,,
assay_subtype,wes,,The subtype of assay performed on the biospecimen.,,,
assay_subtype,tcr,,The subtype of assay performed on the biospecimen.,,,
assay_subtype,cytof,,The subtype of assay performed on the biospecimen.,,,
assay_subtype,elisa,,The subtype of assay performed on the biospecimen.,,,
assay_subtype,nulisa,,The subtype of assay performed on the biospecimen.,,,
assay_subtype,cdtdna,,The subtype of assay performed on the biospecimen.,,,
assay_subtype,olink,,The subtype of assay performed on the biospecimen.,,,
assay_subtype,ihc,,The subtype of assay performed on the biospecimen.,,,
assay_subtype,mibi,,The subtype of assay performed on the biospecimen.,,,
assay_subtype,hande,,The subtype of assay performed on the biospecimen.,,,
assay_subtype,microbiome,,The subtype of assay performed on the biospecimen.,,,
qc_status,pass,,Overall quality control flag based on predefined thresholds.,,,
qc_status,fail,,Overall quality control flag based on predefined thresholds.,,,
sequencing_platform,Illumina NovaSeq 6000,,The sequencing technology platform used to generate the sequencing data.,,,
sequencing_platform,Illumina NextSeq 550,,The sequencing technology platform used to generate the sequencing data.,,,
sequencing_platform,Illumina HiSeq 4000,,The sequencing technology platform used to generate the sequencing data.,,,
sequencing_platform,Illumina HiSeq 2500,,The sequencing technology platform used to generate the sequencing data.,,,
sequencing_platform,Illumina HiSeq X Ten,,The sequencing technology platform used to generate the sequencing data.,,,
sequencing_platform,Illumina NextSeq 2000,,The sequencing technology platform used to generate the sequencing data.,,,
sequencing_platform,Illumina NovaSeq 500,,The sequencing technology platform used to generate the sequencing data.,,,
sequencing_platform,Illumina MiSeq,,The sequencing technology platform used to generate the sequencing data.,,,
sequencing_platform,PacBio Sequel II,,The sequencing technology platform used to generate the sequencing data.,,,
sequencing_platform,Oxford Nanopore PromethION,,The sequencing technology platform used to generate the sequencing data.,,,
paired_end_sequencing,Yes,,"Indicates whether the sequencing was performed using paired-end reads,",,,
paired_end_sequencing,No,,"Indicates whether the sequencing was performed using paired-end reads,",,,
azimuth_reference_genome_version,Human PBMC,,The version of the reference genome used for aligning sequencing reads,,,
azimuth_reference_genome_version,Human Motor Cortex,,The version of the reference genome used for aligning sequencing reads,,,
azimuth_reference_genome_version,Mouse Motor Cortex,,The version of the reference genome used for aligning sequencing reads,,,
azimuth_reference_genome_version,Human Pancreas,,The version of the reference genome used for aligning sequencing reads,,,
azimuth_reference_genome_version,Human Fetal Development,,The version of the reference genome used for aligning sequencing reads,,,
azimuth_reference_genome_version,Human Kidney,,The version of the reference genome used for aligning sequencing reads,,,
azimuth_reference_genome_version,Human Bone Marrow,,The version of the reference genome used for aligning sequencing reads,,,
azimuth_reference_genome_version,Human Lung v2 (HLCA),,The version of the reference genome used for aligning sequencing reads,,,
azimuth_reference_genome_version,Human Adipose,,The version of the reference genome used for aligning sequencing reads,,,
azimuth_reference_genome_version,Human Heart,,The version of the reference genome used for aligning sequencing reads,,,
azimuth_reference_genome_version,Human Liver,,The version of the reference genome used for aligning sequencing reads,,,
azimuth_reference_genome_version,Human Tonsil v2,,The version of the reference genome used for aligning sequencing reads,,,
azimuth_reference_genome_version,Mouse Pansci,,The version of the reference genome used for aligning sequencing reads,,,
azimuth_reference_genome_version,None,,The version of the reference genome used for aligning sequencing reads,,,
tabula_sapiens_reference_genome_version,Tabula Sapiens v1.0,,The version of the Tabula Sapiens reference genome used for aligning,,,
tabula_sapiens_reference_genome_version,Tabula Sapiens v2.0,,The version of the Tabula Sapiens reference genome used for aligning,,,
tabula_sapiens_reference_genome_version,None,,The version of the Tabula Sapiens reference genome used for aligning,,,
antigen_type,Protein,,The type of antigen targeted in the immune assay.,,,
antigen_type,Peptide,,The type of antigen targeted in the immune assay.,,,
antigen_type,RNA,,The type of antigen targeted in the immune assay.,,,
antigen_type,Other,,The type of antigen targeted in the immune assay.,,,
positive_cell_detection,Proprietary,,The model used for positive cell detection used in the cell based assay.,,,
positive_cell_detection,Random Forest Classifier,,The model used for positive cell detection used in the cell based assay.,,,
positive_cell_detection,Other,,The model used for positive cell detection used in the cell based assay.,,,
data_file_type,Clinical Report,,The type of information contained in an electronic record. A curated indicator,,,
data_file_type,File Collection,,The type of information contained in an electronic record. A curated indicator,,,
data_file_type,Investigator Report,,The type of information contained in an electronic record. A curated indicator,,,
data_file_type,Variant Call File,,The type of information contained in an electronic record. A curated indicator,,,
data_file_type,Variant Report,,The type of information contained in an electronic record. A curated indicator,,,
data_file_type,Radiology Images,,The type of information contained in an electronic record. A curated indicator,,,
data_file_format,docx,,A defined organization or layout representing and structuring data in a,,,
data_file_format,gz,,A defined organization or layout representing and structuring data in a,,,
data_file_format,pdf,,A defined organization or layout representing and structuring data in a,,,
data_file_format,vcf,,A defined organization or layout representing and structuring data in a,,,
data_file_format,zip,,A defined organization or layout representing and structuring data in a,,,
data_file_format,dcm,,A defined organization or layout representing and structuring data in a,,,
data_file_checksum_type,md5sum,,The method by which the file checksum was calculated. <br>CDE ID = 11475057,,,
data_file_checksum_type,sha1,,The method by which the file checksum was calculated. <br>CDE ID = 11475057,,,
data_file_checksum_type,sha256,,The method by which the file checksum was calculated. <br>CDE ID = 11475057,,,
data_file_compression_status,Compressed,,The state of data when saved to storage space or during data transmission.,,,
data_file_compression_status,Uncompressed,,The state of data when saved to storage space or during data transmission.,,,
data_file_compression_status,Unknown,,The state of data when saved to storage space or during data transmission.,,,
